evento;fotos_vendidas;pedidos;valor_bruto;descontos_estimados;comissao_funpace;valor_liquido_gustavo;valor_repassado_vinculado;saldo_pendente
ESPAÇO ALTERNATIVO 01/06 NOITE;4;3;45.80;13.80;18.32;27.48;;
ESPAÇO ALTERNATIVO TARDE/NOITE 31/05;9;1;134.10;0.00;53.64;80.46;;
FOTOS ESPAÇO ALTERNATIVO 29/05 MANHÃ;1;1;14.90;0.00;5.96;8.94;;
FOTOS ESPAÇO ALTERNATIVO TARDE/NOITE 31/05;1;1;14.90;0.00;5.96;8.94;;
FUNPACE VERDE E AMARELO NightRun #32 20/06;1;1;13.41;1.49;5.36;8.05;;
NightRun #30 by FUNPACE;6;3;61.80;27.60;24.72;37.08;;
NightRun #31 by FUNPACE 02/06;2;2;16.00;13.80;6.40;9.60;;
NightRun #33 by FUNPACE 23/06;5;4;70.03;4.47;28.00;42.03;;
NightRun #36 by FUNPACE 14/07;1;1;13.41;1.49;5.36;8.05;;
